"BEST_ SHELF UNIT 76"" TALL",4,shelf,,,,,,,,,,,,,,,,,,,,,,,,,,,,,,,,,,,,,,,,,,,,,,,,,,,,,,
"BEST_ SHELF UNIT 76"" TALL",1,Step 12,8,113301,,,,,,,,,,,,,,,,,,,,,,,,,,,,,,,,,,,,,,,,,,,,,,,,,,,,
"BEST_ SHELF UNIT 76"" TALL",,,1,Step 11,4,116637,,,,,,,,,,,,,,,,,,,,,,,,,,,,,,,,,,,,,,,,,,,,,,,,,,
"BEST_ SHELF UNIT 76"" TALL",,,,,4,114929,,,,,,,,,,,,,,,,,,,,,,,,,,,,,,,,,,,,,,,,,,,,,,,,,,
"BEST_ SHELF UNIT 76"" TALL",,,,,1,Step 10,4,113301,,,,,,,,,,,,,,,,,,,,,,,,,,,,,,,,,,,,,,,,,,,,,,,,
"BEST_ SHELF UNIT 76"" TALL",,,,,,,1,Step 6,4,115988,,,,,,,,,,,,,,,,,,,,,,,,,,,,,,,,,,,,,,,,,,,,,,
"BEST_ SHELF UNIT 76"" TALL",,,,,,,,,1,Step 5,4,114927,,,,,,,,,,,,,,,,,,,,,,,,,,,,,,,,,,,,,,,,,,,,
"BEST_ SHELF UNIT 76"" TALL",,,,,,,,,,,1,Step 4,1,base,,,,,,,,,,,,,,,,,,,,,,,,,,,,,,,,,,,,,,,,,,
"BEST_ SHELF UNIT 76"" TALL",,,,,,,,,,,,,4,114928,,,,,,,,,,,,,,,,,,,,,,,,,,,,,,,,,,,,,,,,,,
"BEST_ SHELF UNIT 76"" TALL",,,,,,,,,,,,,1,Step 3,1,back,,,,,,,,,,,,,,,,,,,,,,,,,,,,,,,,,,,,,,,,
"BEST_ SHELF UNIT 76"" TALL",,,,,,,,,,,,,,,1,Step 2,4,114927,,,,,,,,,,,,,,,,,,,,,,,,,,,,,,,,,,,,,,
"BEST_ SHELF UNIT 76"" TALL",,,,,,,,,,,,,,,,,1,right-hand side,,,,,,,,,,,,,,,,,,,,,,,,,,,,,,,,,,,,,,
"BEST_ SHELF UNIT 76"" TALL",,,,,,,,,,,,,,,,,1,left-hand side,,,,,,,,,,,,,,,,,,,,,,,,,,,,,,,,,,,,,,
"BEST_ SHELF UNIT 76"" TALL",,,,,,,,,,,,,,,,,1,Step 1,1,top,,,,,,,,,,,,,,,,,,,,,,,,,,,,,,,,,,,,
"BEST_ SHELF UNIT 76"" TALL",,,,,,,,,,,,,,,,, ,,4,114928,,,,,,,,,,,,,,,,,,,,,,,,,,,,,,,,,,,,
"BEST_ SHELF UNIT/HEIGHT EXTENSION 47X25""",4,shelf,,,,,,,,,,,,,,,,,,,,,,,,,,,,,,,,,,,,,,,,,,,,,,,,,,,,,,
"BEST_ SHELF UNIT/HEIGHT EXTENSION 47X25""",1,Step 12,16,113301,,,,,,,,,,,,,,,,,,,,,,,,,,,,,,,,,,,,,,,,,,,,,,,,,,,,
"BEST_ SHELF UNIT/HEIGHT EXTENSION 47X25""",,,1,Step 8,5,114947,,,,,,,,,,,,,,,,,,,,,,,,,,,,,,,,,,,,,,,,,,,,,,,,,,
"BEST_ SHELF UNIT/HEIGHT EXTENSION 47X25""",,,,,1,Step 7,2,114926,,,,,,,,,,,,,,,,,,,,,,,,,,,,,,,,,,,,,,,,,,,,,,,,
"BEST_ SHELF UNIT/HEIGHT EXTENSION 47X25""",,,,,,,1,Step 6,4,114927,,,,,,,,,,,,,,,,,,,,,,,,,,,,,,,,,,,,,,,,,,,,,,
"BEST_ SHELF UNIT/HEIGHT EXTENSION 47X25""",,,,,,,,,1,Step 5,6,114928,,,,,,,,,,,,,,,,,,,,,,,,,,,,,,,,,,,,,,,,,,,,
"BEST_ SHELF UNIT/HEIGHT EXTENSION 47X25""",,,,,,,,,,,1,right-hand side,,,,,,,,,,,,,,,,,,,,,,,,,,,,,,,,,,,,,,,,,,,,
"BEST_ SHELF UNIT/HEIGHT EXTENSION 47X25""",,,,,,,,,,,1,Step 4,2,back,,,,,,,,,,,,,,,,,,,,,,,,,,,,,,,,,,,,,,,,,,
"BEST_ SHELF UNIT/HEIGHT EXTENSION 47X25""",,,,,,,,,,,,,1,Step 3,2,114926,,,,,,,,,,,,,,,,,,,,,,,,,,,,,,,,,,,,,,,,
"BEST_ SHELF UNIT/HEIGHT EXTENSION 47X25""",,,,,,,,,,,,,,,1,shelf,,,,,,,,,,,,,,,,,,,,,,,,,,,,,,,,,,,,,,,,
"BEST_ SHELF UNIT/HEIGHT EXTENSION 47X25""",,,,,,,,,,,,,,,1,Step 2,4,114927,,,,,,,,,,,,,,,,,,,,,,,,,,,,,,,,,,,,,,
"BEST_ SHELF UNIT/HEIGHT EXTENSION 47X25""",,,,,,,,,,,,,,,,,1,top,,,,,,,,,,,,,,,,,,,,,,,,,,,,,,,,,,,,,,
"BEST_ SHELF UNIT/HEIGHT EXTENSION 47X25""",,,,,,,,,,,,,,,,,1,base,,,,,,,,,,,,,,,,,,,,,,,,,,,,,,,,,,,,,,
"BEST_ SHELF UNIT/HEIGHT EXTENSION 47X25""",,,,,,,,,,,,,,,,,1,Step 1,1,left-hand side,,,,,,,,,,,,,,,,,,,,,,,,,,,,,,,,,,,,
"BEST_ SHELF UNIT/HEIGHT EXTENSION 47X25""",,,,,,,,,,,,,,,,,,,6,114928,,,,,,,,,,,,,,,,,,,,,,,,,,,,,,,,,,,,
"ENETRI SIDE UNT 13X62 1/4""",2,107624,,,,,,,,,,,,,,,,,,,,,,,,,,,,,,,,,,,,,,,,,,,,,,,,,,,,,,
"ENETRI SIDE UNT 13X62 1/4""",1,Step 3,4,100343,,,,,,,,,,,,,,,,,,,,,,,,,,,,,,,,,,,,,,,,,,,,,,,,,,,,
"ENETRI SIDE UNT 13X62 1/4""",,,1,Step 2,1,brace,,,,,,,,,,,,,,,,,,,,,,,,,,,,,,,,,,,,,,,,,,,,,,,,,,
"ENETRI SIDE UNT 13X62 1/4""",,,,,2,100343,,,,,,,,,,,,,,,,,,,,,,,,,,,,,,,,,,,,,,,,,,,,,,,,,,
"ENETRI SIDE UNT 13X62 1/4""",,,,,1,shelf,,,,,,,,,,,,,,,,,,,,,,,,,,,,,,,,,,,,,,,,,,,,,,,,,,
"ENETRI SIDE UNT 13X62 1/4""",,,,,1,Step 1,18,100343,,,,,,,,,,,,,,,,,,,,,,,,,,,,,,,,,,,,,,,,,,,,,,,,
"ENETRI SIDE UNT 13X62 1/4""",,,,,,,3,shelf,,,,,,,,,,,,,,,,,,,,,,,,,,,,,,,,,,,,,,,,,,,,,,,,
"ENETRI SIDE UNT 13X62 1/4""",,,,,,,2,shelf support frame,,,,,,,,,,,,,,,,,,,,,,,,,,,,,,,,,,,,,,,,,,,,,,,,
"EXPEDIT BOOKCASE 32X32""",1,base,,,,,,,,,,,,,,,,,,,,,,,,,,,,,,,,,,,,,,,,,,,,,,,,,,,,,,
"EXPEDIT BOOKCASE 32X32""",6,104323,,,,,,,,,,,,,,,,,,,,,,,,,,,,,,,,,,,,,,,,,,,,,,,,,,,,,,
"EXPEDIT BOOKCASE 32X32""",1,Step 7,1,left-hand side,,,,,,,,,,,,,,,,,,,,,,,,,,,,,,,,,,,,,,,,,,,,,,,,,,,,
"EXPEDIT BOOKCASE 32X32""",,,1,Step 6,6,118740,,,,,,,,,,,,,,,,,,,,,,,,,,,,,,,,,,,,,,,,,,,,,,,,,,
"EXPEDIT BOOKCASE 32X32""",,,,,1,Step 5,1,middle upright,,,,,,,,,,,,,,,,,,,,,,,,,,,,,,,,,,,,,,,,,,,,,,,,
"EXPEDIT BOOKCASE 32X32""",,,,,,,1,Step 4,2,118740,,,,,,,,,,,,,,,,,,,,,,,,,,,,,,,,,,,,,,,,,,,,,,
"EXPEDIT BOOKCASE 32X32""",,,,,,,,,1,Step 3,4,118740,,,,,,,,,,,,,,,,,,,,,,,,,,,,,,,,,,,,,,,,,,,,
"EXPEDIT BOOKCASE 32X32""",,,,,,,,,,,1,shelf,,,,,,,,,,,,,,,,,,,,,,,,,,,,,,,,,,,,,,,,,,,,
"EXPEDIT BOOKCASE 32X32""",,,,,,,,,,,1,Step 2,1,middle upright,,,,,,,,,,,,,,,,,,,,,,,,,,,,,,,,,,,,,,,,,,
"EXPEDIT BOOKCASE 32X32""",,,,,,,,,,,,,2,118740,,,,,,,,,,,,,,,,,,,,,,,,,,,,,,,,,,,,,,,,,,
"EXPEDIT BOOKCASE 32X32""",,,,,,,,,,,,,1,Step 1,2,104323,,,,,,,,,,,,,,,,,,,,,,,,,,,,,,,,,,,,,,,,
"EXPEDIT BOOKCASE 32X32""",,,,,,,,,,,,,,,1,top,,,,,,,,,,,,,,,,,,,,,,,,,,,,,,,,,,,,,,,,
"EXPEDIT BOOKCASE 32X32""",,,,,,,,,,,,,,,1,right-hand side,,,,,,,,,,,,,,,,,,,,,,,,,,,,,,,,,,,,,,,,
"FREDRIK COMPUTER WORKSTATION 39X24""",2,shelf,,,,,,,,,,,,,,,,,,,,,,,,,,,,,,,,,,,,,,,,,,,,,,,,,,,,,,
"FREDRIK COMPUTER WORKSTATION 39X24""",1,Step 10,2,cross piece,,,,,,,,,,,,,,,,,,,,,,,,,,,,,,,,,,,,,,,,,,,,,,,,,,,,
"FREDRIK COMPUTER WORKSTATION 39X24""",,,1,Step 9,4,shelf support,,,,,,,,,,,,,,,,,,,,,,,,,,,,,,,,,,,,,,,,,,,,,,,,,,
"FREDRIK COMPUTER WORKSTATION 39X24""",,,,,1,Step 8,4,109067,,,,,,,,,,,,,,,,,,,,,,,,,,,,,,,,,,,,,,,,,,,,,,,,
"FREDRIK COMPUTER WORKSTATION 39X24""",,,,,,,1,shelf,,,,,,,,,,,,,,,,,,,,,,,,,,,,,,,,,,,,,,,,,,,,,,,,
"FREDRIK COMPUTER WORKSTATION 39X24""",,,,,,,1,Step 6,1,cross piece,,,,,,,,,,,,,,,,,,,,,,,,,,,,,,,,,,,,,,,,,,,,,,
"FREDRIK COMPUTER WORKSTATION 39X24""",,,,,,,,,1,Step 5,2,shelf support,,,,,,,,,,,,,,,,,,,,,,,,,,,,,,,,,,,,,,,,,,,,
"FREDRIK COMPUTER WORKSTATION 39X24""",,,,,,,,,,,1,Step 4,2,shelf support,,,,,,,,,,,,,,,,,,,,,,,,,,,,,,,,,,,,,,,,,,
"FREDRIK COMPUTER WORKSTATION 39X24""",,,,,,,,,,,,,1,Step 2,1,cross piece,,,,,,,,,,,,,,,,,,,,,,,,,,,,,,,,,,,,,,,,
"FREDRIK COMPUTER WORKSTATION 39X24""",,,,,,,,,,,,,,,1,Step 1,2,114276,,,,,,,,,,,,,,,,,,,,,,,,,,,,,,,,,,,,,,
"FREDRIK COMPUTER WORKSTATION 39X24""",,,,,,,,,,,,,,,,,4,114277,,,,,,,,,,,,,,,,,,,,,,,,,,,,,,,,,,,,,,
"FREDRIK COMPUTER WORKSTATION 39X24""",,,,,,,,,,,,,,,,,4,107271,,,,,,,,,,,,,,,,,,,,,,,,,,,,,,,,,,,,,,
"FREDRIK COMPUTER WORKSTATION 39X24""",,,,,,,,,,,,,,,,,2,shelf support frame,,,,,,,,,,,,,,,,,,,,,,,,,,,,,,,,,,,,,,
"FJUS SHELVING UNIT 27 1/2X66 7/8"" SOLW",1,brace,,,,,,,,,,,,,,,,,,,,,,,,,,,,,,,,,,,,,,,,,,,,,,,,,,,,,,
"FJUS SHELVING UNIT 27 1/2X66 7/8"" SOLW",4,screws,,,,,,,,,,,,,,,,,,,,,,,,,,,,,,,,,,,,,,,,,,,,,,,,,,,,,,
"FJUS SHELVING UNIT 27 1/2X66 7/8"" SOLW",1,Step 1,20,100229,,,,,,,,,,,,,,,,,,,,,,,,,,,,,,,,,,,,,,,,,,,,,,,,,,,,
"FJUS SHELVING UNIT 27 1/2X66 7/8"" SOLW",,,2,shelf support frame,,,,,,,,,,,,,,,,,,,,,,,,,,,,,,,,,,,,,,,,,,,,,,,,,,,,
"FJUS SHELVING UNIT 27 1/2X66 7/8"" SOLW",,,5,shelf,,,,,,,,,,,,,,,,,,,,,,,,,,,,,,,,,,,,,,,,,,,,,,,,,,,,
"GORM BOTTLE RACK 30X12""",1,brace,,,,,,,,,,,,,,,,,,,,,,,,,,,,,,,,,,,,,,,,,,,,,,,,,,,,,,
"GORM BOTTLE RACK 30X12""",4,screws,,,,,,,,,,,,,,,,,,,,,,,,,,,,,,,,,,,,,,,,,,,,,,,,,,,,,,
"GORM BOTTLE RACK 30X12""",1,Step 3,8,111000,,,,,,,,,,,,,,,,,,,,,,,,,,,,,,,,,,,,,,,,,,,,,,,,,,,,
"GORM BOTTLE RACK 30X12""",,,2,shelf support frame,,,,,,,,,,,,,,,,,,,,,,,,,,,,,,,,,,,,,,,,,,,,,,,,,,,,
"GORM BOTTLE RACK 30X12""",,,1,Step 2,4,111000,,,,,,,,,,,,,,,,,,,,,,,,,,,,,,,,,,,,,,,,,,,,,,,,,,
"GORM BOTTLE RACK 30X12""",,,,,1,Step 1,2,shelf support frame,,,,,,,,,,,,,,,,,,,,,,,,,,,,,,,,,,,,,,,,,,,,,,,,
"GORM BOTTLE RACK 30X12""",,,,,,,4,shelf,,,,,,,,,,,,,,,,,,,,,,,,,,,,,,,,,,,,,,,,,,,,,,,,
"GORM BOTTLE RACK 30X12""",,,,,,,4,111000,,,,,,,,,,,,,,,,,,,,,,,,,,,,,,,,,,,,,,,,,,,,,,,,
"HENSVIK STORAGE UNIT 23 5/8X65"" ",2,100344,,,,,,,,,,,,,,,,,,,,,,,,,,,,,,,,,,,,,,,,,,,,,,,,,,,,,,
"HENSVIK STORAGE UNIT 23 5/8X65"" ",1,Step 13,8,102509,,,,,,,,,,,,,,,,,,,,,,,,,,,,,,,,,,,,,,,,,,,,,,,,,,,,
"HENSVIK STORAGE UNIT 23 5/8X65"" ",,,1,Step 12,8,103440,,,,,,,,,,,,,,,,,,,,,,,,,,,,,,,,,,,,,,,,,,,,,,,,,,
"HENSVIK STORAGE UNIT 23 5/8X65"" ",,,,,1,Step 11,2,103717,,,,,,,,,,,,,,,,,,,,,,,,,,,,,,,,,,,,,,,,,,,,,,,,
"HENSVIK STORAGE UNIT 23 5/8X65"" ",,,,,,,2,100344,,,,,,,,,,,,,,,,,,,,,,,,,,,,,,,,,,,,,,,,,,,,,,,,
"HENSVIK STORAGE UNIT 23 5/8X65"" ",,,,,,,1,Step 10,8,103440,,,,,,,,,,,,,,,,,,,,,,,,,,,,,,,,,,,,,,,,,,,,,,
"HENSVIK STORAGE UNIT 23 5/8X65"" ",,,,,,,,,4,101350,,,,,,,,,,,,,,,,,,,,,,,,,,,,,,,,,,,,,,,,,,,,,,
"HENSVIK STORAGE UNIT 23 5/8X65"" ",,,,,,,,,1,bottom facia piece,,,,,,,,,,,,,,,,,,,,,,,,,,,,,,,,,,,,,,,,,,,,,,
"HENSVIK STORAGE UNIT 23 5/8X65"" ",,,,,,,,,1,top facia piece,,,,,,,,,,,,,,,,,,,,,,,,,,,,,,,,,,,,,,,,,,,,,,
"HENSVIK STORAGE UNIT 23 5/8X65"" ",,,,,,,,,1,Step 9,4,101350,,,,,,,,,,,,,,,,,,,,,,,,,,,,,,,,,,,,,,,,,,,,
"HENSVIK STORAGE UNIT 23 5/8X65"" ",,,,,,,,,,,2,side facia piece,,,,,,,,,,,,,,,,,,,,,,,,,,,,,,,,,,,,,,,,,,,,
"HENSVIK STORAGE UNIT 23 5/8X65"" ",,,,,,,,,,,1,Step 8,19,101261,,,,,,,,,,,,,,,,,,,,,,,,,,,,,,,,,,,,,,,,,,
"HENSVIK STORAGE UNIT 23 5/8X65"" ",,,,,,,,,,,,,1,Step 7,2,101261,,,,,,,,,,,,,,,,,,,,,,,,,,,,,,,,,,,,,,,,
"HENSVIK STORAGE UNIT 23 5/8X65"" ",,,,,,,,,,,,,,,1,Step 6,2,101261,,,,,,,,,,,,,,,,,,,,,,,,,,,,,,,,,,,,,,
"HENSVIK STORAGE UNIT 23 5/8X65"" ",,,,,,,,,,,,,,,,,1,Step 5,6,102509,,,,,,,,,,,,,,,,,,,,,,,,,,,,,,,,,,,,
"HENSVIK STORAGE UNIT 23 5/8X65"" ",,,,,,,,,,,,,,,,,,,1,Step 4,6,102509,,,,,,,,,,,,,,,,,,,,,,,,,,,,,,,,,,
"HENSVIK STORAGE UNIT 23 5/8X65"" ",,,,,,,,,,,,,,,,,,,,,1,Step 3,12,101350,,,,,,,,,,,,,,,,,,,,,,,,,,,,,,,,
"HENSVIK STORAGE UNIT 23 5/8X65"" ",,,,,,,,,,,,,,,,,,,,,,,3,shelf,,,,,,,,,,,,,,,,,,,,,,,,,,,,,,,,
"HENSVIK STORAGE UNIT 23 5/8X65"" ",,,,,,,,,,,,,,,,,,,,,,,1,Step 2,12,103440,,,,,,,,,,,,,,,,,,,,,,,,,,,,,,
"HENSVIK STORAGE UNIT 23 5/8X65"" ",,,,,,,,,,,,,,,,,,,,,,,,,1,Step 1,1,right-hand side,,,,,,,,,,,,,,,,,,,,,,,,,,,,
"HENSVIK STORAGE UNIT 23 5/8X65"" ",,,,,,,,,,,,,,,,,,,,,,,,,,,1,left-hand side,,,,,,,,,,,,,,,,,,,,,,,,,,,,
"HENSVIK STORAGE UNIT 23 5/8X65"" ",,,,,,,,,,,,,,,,,,,,,,,,,,,2,100344,,,,,,,,,,,,,,,,,,,,,,,,,,,,
"HENSVIK STORAGE UNIT 23 5/8X65"" ",,,,,,,,,,,,,,,,,,,,,,,,,,,2,103691,,,,,,,,,,,,,,,,,,,,,,,,,,,,
"HENSVIK CABINET W/SHELF UNIT 30X63"" ",8,105364,,,,,,,,,,,,,,,,,,,,,,,,,,,,,,,,,,,,,,,,,,,,,,,,,,,,,,
"HENSVIK CABINET W/SHELF UNIT 30X63"" ",1,Step 26,1,shelf,,,,,,,,,,,,,,,,,,,,,,,,,,,,,,,,,,,,,,,,,,,,,,,,,,,,
"HENSVIK CABINET W/SHELF UNIT 30X63"" ",,,4,106401,,,,,,,,,,,,,,,,,,,,,,,,,,,,,,,,,,,,,,,,,,,,,,,,,,,,
"HENSVIK CABINET W/SHELF UNIT 30X63"" ",,,1,Step 25,1,shelf,,,,,,,,,,,,,,,,,,,,,,,,,,,,,,,,,,,,,,,,,,,,,,,,,,
"HENSVIK CABINET W/SHELF UNIT 30X63"" ",,,,,4,106401,,,,,,,,,,,,,,,,,,,,,,,,,,,,,,,,,,,,,,,,,,,,,,,,,,
"HENSVIK CABINET W/SHELF UNIT 30X63"" ",,,,,1,Step 24,12,101221,,,,,,,,,,,,,,,,,,,,,,,,,,,,,,,,,,,,,,,,,,,,,,,,
"HENSVIK CABINET W/SHELF UNIT 30X63"" ",,,,,,,1,Step 23,18,101221,,,,,,,,,,,,,,,,,,,,,,,,,,,,,,,,,,,,,,,,,,,,,,
"HENSVIK CABINET W/SHELF UNIT 30X63"" ",,,,,,,,,1,Step 22,4,103430,,,,,,,,,,,,,,,,,,,,,,,,,,,,,,,,,,,,,,,,,,,,
"HENSVIK CABINET W/SHELF UNIT 30X63"" ",,,,,,,,,,,1,Step 21,4,101350,,,,,,,,,,,,,,,,,,,,,,,,,,,,,,,,,,,,,,,,,,
"HENSVIK CABINET W/SHELF UNIT 30X63"" ",,,,,,,,,,,,,1,Step 20,4,103430,,,,,,,,,,,,,,,,,,,,,,,,,,,,,,,,,,,,,,,,
"HENSVIK CABINET W/SHELF UNIT 30X63"" ",,,,,,,,,,,,,,,1,Step 19,5,103440,,,,,,,,,,,,,,,,,,,,,,,,,,,,,,,,,,,,,,
"HENSVIK CABINET W/SHELF UNIT 30X63"" ",,,,,,,,,,,,,,,,,2,side facia piece,,,,,,,,,,,,,,,,,,,,,,,,,,,,,,,,,,,,,,
"HENSVIK CABINET W/SHELF UNIT 30X63"" ",,,,,,,,,,,,,,,,,1,bottom facia piece,,,,,,,,,,,,,,,,,,,,,,,,,,,,,,,,,,,,,,
"HENSVIK CABINET W/SHELF UNIT 30X63"" ",,,,,,,,,,,,,,,,,8,101345,,,,,,,,,,,,,,,,,,,,,,,,,,,,,,,,,,,,,,
"HENSVIK CABINET W/SHELF UNIT 30X63"" ",,,,,,,,,,,,,,,,,1,Step 17,6,103430,,,,,,,,,,,,,,,,,,,,,,,,,,,,,,,,,,,,
"HENSVIK CABINET W/SHELF UNIT 30X63"" ",,,,,,,,,,,,,,,,,,,1,Step 16,2,101350,,,,,,,,,,,,,,,,,,,,,,,,,,,,,,,,,,
"HENSVIK CABINET W/SHELF UNIT 30X63"" ",,,,,,,,,,,,,,,,,,,,,1,Step 15,1,top,,,,,,,,,,,,,,,,,,,,,,,,,,,,,,,,
"HENSVIK CABINET W/SHELF UNIT 30X63"" ",,,,,,,,,,,,,,,,,,,,,,,2,103430,,,,,,,,,,,,,,,,,,,,,,,,,,,,,,,,
"HENSVIK CABINET W/SHELF UNIT 30X63"" ",,,,,,,,,,,,,,,,,,,,,,,1,Step 14,1,103430,,,,,,,,,,,,,,,,,,,,,,,,,,,,,,
"HENSVIK CABINET W/SHELF UNIT 30X63"" ",,,,,,,,,,,,,,,,,,,,,,,,,1,Step 13,2,101350,,,,,,,,,,,,,,,,,,,,,,,,,,,,
"HENSVIK CABINET W/SHELF UNIT 30X63"" ",,,,,,,,,,,,,,,,,,,,,,,,,,,1,cross piece,,,,,,,,,,,,,,,,,,,,,,,,,,,,
"HENSVIK CABINET W/SHELF UNIT 30X63"" ",,,,,,,,,,,,,,,,,,,,,,,,,,,1,Step 12,1,right-hand side,,,,,,,,,,,,,,,,,,,,,,,,,,
"HENSVIK CABINET W/SHELF UNIT 30X63"" ",,,,,,,,,,,,,,,,,,,,,,,,,,,,,1,left-hand side,,,,,,,,,,,,,,,,,,,,,,,,,,
"HENSVIK CABINET W/SHELF UNIT 30X63"" ",,,,,,,,,,,,,,,,,,,,,,,,,,,,,1,103440,,,,,,,,,,,,,,,,,,,,,,,,,,
"HENSVIK CABINET W/SHELF UNIT 30X63"" ",,,,,,,,,,,,,,,,,,,,,,,,,,,,,1,Step 11,22,101221,,,,,,,,,,,,,,,,,,,,,,,,
"HENSVIK CABINET W/SHELF UNIT 30X63"" ",,,,,,,,,,,,,,,,,,,,,,,,,,,,,,,1,Step 10,3,101221,,,,,,,,,,,,,,,,,,,,,,
"HENSVIK CABINET W/SHELF UNIT 30X63"" ",,,,,,,,,,,,,,,,,,,,,,,,,,,,,,,,,1,Step 9,1,101221,,,,,,,,,,,,,,,,,,,,
"HENSVIK CABINET W/SHELF UNIT 30X63"" ",,,,,,,,,,,,,,,,,,,,,,,,,,,,,,,,,,,1,back,,,,,,,,,,,,,,,,,,,,
"HENSVIK CABINET W/SHELF UNIT 30X63"" ",,,,,,,,,,,,,,,,,,,,,,,,,,,,,,,,,,,1,Step 8,1,top,,,,,,,,,,,,,,,,,,
"HENSVIK CABINET W/SHELF UNIT 30X63"" ",,,,,,,,,,,,,,,,,,,,,,,,,,,,,,,,,,,,,4,103440,,,,,,,,,,,,,,,,,,
"HENSVIK CABINET W/SHELF UNIT 30X63"" ",,,,,,,,,,,,,,,,,,,,,,,,,,,,,,,,,,,,,1,Step 7,5,103430,,,,,,,,,,,,,,,,
"HENSVIK CABINET W/SHELF UNIT 30X63"" ",,,,,,,,,,,,,,,,,,,,,,,,,,,,,,,,,,,,,,,1,Step 6,5,103440,,,,,,,,,,,,,,
"HENSVIK CABINET W/SHELF UNIT 30X63"" ",,,,,,,,,,,,,,,,,,,,,,,,,,,,,,,,,,,,,,,,,2,side facia piece,,,,,,,,,,,,,,
"HENSVIK CABINET W/SHELF UNIT 30X63"" ",,,,,,,,,,,,,,,,,,,,,,,,,,,,,,,,,,,,,,,,,1,bottom facia piece,,,,,,,,,,,,,,
"HENSVIK CABINET W/SHELF UNIT 30X63"" ",,,,,,,,,,,,,,,,,,,,,,,,,,,,,,,,,,,,,,,,,8,101345,,,,,,,,,,,,,,
"HENSVIK CABINET W/SHELF UNIT 30X63"" ",,,,,,,,,,,,,,,,,,,,,,,,,,,,,,,,,,,,,,,,,1,Step 5,4,103430,,,,,,,,,,,,
"HENSVIK CABINET W/SHELF UNIT 30X63"" ",,,,,,,,,,,,,,,,,,,,,,,,,,,,,,,,,,,,,,,,,,,1,Step 4,4,101350,,,,,,,,,,
"HENSVIK CABINET W/SHELF UNIT 30X63"" ",,,,,,,,,,,,,,,,,,,,,,,,,,,,,,,,,,,,,,,,,,,,,1,base,,,,,,,,,,
"HENSVIK CABINET W/SHELF UNIT 30X63"" ",,,,,,,,,,,,,,,,,,,,,,,,,,,,,,,,,,,,,,,,,,,,,1,Step 3,1,right-hand side,,,,,,,,
"HENSVIK CABINET W/SHELF UNIT 30X63"" ",,,,,,,,,,,,,,,,,,,,,,,,,,,,,,,,,,,,,,,,,,,,,,,1,left-hand side,,,,,,,,
"HENSVIK CABINET W/SHELF UNIT 30X63"" ",,,,,,,,,,,,,,,,,,,,,,,,,,,,,,,,,,,,,,,,,,,,,,,4,103440,,,,,,,,
"IKEA STOCKHOLM BOOKCASE 28X87"" (601-037-88)",4,brace,,,,,,,,,,,,,,,,,,,,,,,,,,,,,,,,,,,,,,,,,,,,,,,,,,,,,,
"IKEA STOCKHOLM BOOKCASE 28X87"" (601-037-88)",2,shelf,,,,,,,,,,,,,,,,,,,,,,,,,,,,,,,,,,,,,,,,,,,,,,,,,,,,,,
"IKEA STOCKHOLM BOOKCASE 28X87"" (601-037-88)",1,Step 8,4,110680,,,,,,,,,,,,,,,,,,,,,,,,,,,,,,,,,,,,,,,,,,,,,,,,,,,,
"IKEA STOCKHOLM BOOKCASE 28X87"" (601-037-88)",,,2,109053,,,,,,,,,,,,,,,,,,,,,,,,,,,,,,,,,,,,,,,,,,,,,,,,,,,,
"IKEA STOCKHOLM BOOKCASE 28X87"" (601-037-88)",,,1,Step 7,1,top,,,,,,,,,,,,,,,,,,,,,,,,,,,,,,,,,,,,,,,,,,,,,,,,,,
"IKEA STOCKHOLM BOOKCASE 28X87"" (601-037-88)",,,,,1,Step 6,1,shelf,,,,,,,,,,,,,,,,,,,,,,,,,,,,,,,,,,,,,,,,,,,,,,,,
"IKEA STOCKHOLM BOOKCASE 28X87"" (601-037-88)",,,,,,,1,Step 5,1,back,,,,,,,,,,,,,,,,,,,,,,,,,,,,,,,,,,,,,,,,,,,,,,
"IKEA STOCKHOLM BOOKCASE 28X87"" (601-037-88)",,,,,,,,,1,Step 4,6,107468,,,,,,,,,,,,,,,,,,,,,,,,,,,,,,,,,,,,,,,,,,,,
"IKEA STOCKHOLM BOOKCASE 28X87"" (601-037-88)",,,,,,,,,,,2,cross piece,,,,,,,,,,,,,,,,,,,,,,,,,,,,,,,,,,,,,,,,,,,,
"IKEA STOCKHOLM BOOKCASE 28X87"" (601-037-88)",,,,,,,,,,,1,shelf,,,,,,,,,,,,,,,,,,,,,,,,,,,,,,,,,,,,,,,,,,,,
"IKEA STOCKHOLM BOOKCASE 28X87"" (601-037-88)",,,,,,,,,,,1,Step 3,2,shelf support frame,,,,,,,,,,,,,,,,,,,,,,,,,,,,,,,,,,,,,,,,,,
"IKEA STOCKHOLM BOOKCASE 28X87"" (601-037-88)",,,,,,,,,,,,,12,115936,,,,,,,,,,,,,,,,,,,,,,,,,,,,,,,,,,,,,,,,,,
"LEKSVIK BOOKCASE 36X78""",6,109510,,,,,,,,,,,,,,,,,,,,,,,,,,,,,,,,,,,,,,,,,,,,,,,,,,,,,,
"LEKSVIK BOOKCASE 36X78""",1,Step 8,8,103430,,,,,,,,,,,,,,,,,,,,,,,,,,,,,,,,,,,,,,,,,,,,,,,,,,,,
"LEKSVIK BOOKCASE 36X78""",,,1,Step 7,22,101350,,,,,,,,,,,,,,,,,,,,,,,,,,,,,,,,,,,,,,,,,,,,,,,,,,
"LEKSVIK BOOKCASE 36X78""",,,,,1,Step 6,8,101350,,,,,,,,,,,,,,,,,,,,,,,,,,,,,,,,,,,,,,,,,,,,,,,,
"LEKSVIK BOOKCASE 36X78""",,,,,,,1,Step 5,2,103430,,,,,,,,,,,,,,,,,,,,,,,,,,,,,,,,,,,,,,,,,,,,,,
"LEKSVIK BOOKCASE 36X78""",,,,,,,,,1,top facia piece,,,,,,,,,,,,,,,,,,,,,,,,,,,,,,,,,,,,,,,,,,,,,,
"LEKSVIK BOOKCASE 36X78""",,,,,,,,,1,Step 4,3,101350,,,,,,,,,,,,,,,,,,,,,,,,,,,,,,,,,,,,,,,,,,,,
"LEKSVIK BOOKCASE 36X78""",,,,,,,,,,,1,Step 3,6,103430,,,,,,,,,,,,,,,,,,,,,,,,,,,,,,,,,,,,,,,,,,
"LEKSVIK BOOKCASE 36X78""",,,,,,,,,,,,,1,Step 2,11,101350,,,,,,,,,,,,,,,,,,,,,,,,,,,,,,,,,,,,,,,,
"LEKSVIK BOOKCASE 36X78""",,,,,,,,,,,,,,,6,shelf,,,,,,,,,,,,,,,,,,,,,,,,,,,,,,,,,,,,,,,,
"LEKSVIK BOOKCASE 36X78""",,,,,,,,,,,,,,,1,Step 1,1,left-hand side,,,,,,,,,,,,,,,,,,,,,,,,,,,,,,,,,,,,,,
"LEKSVIK BOOKCASE 36X78""",,,,,,,,,,,,,,,,,16,112996,,,,,,,,,,,,,,,,,,,,,,,,,,,,,,,,,,,,,,
"LEKSVIK BOOKCASE 36X78""",,,,,,,,,,,,,,,,,1,right-hand side,,,,,,,,,,,,,,,,,,,,,,,,,,,,,,,,,,,,,,
"LERBERG SHELF UNIT 16X58""",2,shelf support frame,,,,,,,,,,,,,,,,,,,,,,,,,,,,,,,,,,,,,,,,,,,,,,,,,,,,,,
"LERBERG SHELF UNIT 16X58""",16,105107,,,,,,,,,,,,,,,,,,,,,,,,,,,,,,,,,,,,,,,,,,,,,,,,,,,,,,
"LERBERG SHELF UNIT 16X58""",4,shelf,,,,,,,,,,,,,,,,,,,,,,,,,,,,,,,,,,,,,,,,,,,,,,,,,,,,,,
MOLGER SHELVING UNIT,8,110727,,,,,,,,,,,,,,,,,,,,,,,,,,,,,,,,,,,,,,,,,,,,,,,,,,,,,,
MOLGER SHELVING UNIT,3,shelf,,,,,,,,,,,,,,,,,,,,,,,,,,,,,,,,,,,,,,,,,,,,,,,,,,,,,,
MOLGER SHELVING UNIT,1,Step 1,2,shelf,,,,,,,,,,,,,,,,,,,,,,,,,,,,,,,,,,,,,,,,,,,,,,,,,,,,
MOLGER SHELVING UNIT,,,8,101350,,,,,,,,,,,,,,,,,,,,,,,,,,,,,,,,,,,,,,,,,,,,,,,,,,,,
"MARK_R BOOKCASE 73 1/4X33 7/8""",10,109048,,,,,,,,,,,,,,,,,,,,,,,,,,,,,,,,,,,,,,,,,,,,,,,,,,,,,,
"MARK_R BOOKCASE 73 1/4X33 7/8""",5,foot,,,,,,,,,,,,,,,,,,,,,,,,,,,,,,,,,,,,,,,,,,,,,,,,,,,,,,
"MARK_R BOOKCASE 73 1/4X33 7/8""",1,Step 27,12,102956,,,,,,,,,,,,,,,,,,,,,,,,,,,,,,,,,,,,,,,,,,,,,,,,,,,,
"MARK_R BOOKCASE 73 1/4X33 7/8""",,,1,Step 26,12,100215,,,,,,,,,,,,,,,,,,,,,,,,,,,,,,,,,,,,,,,,,,,,,,,,,,
"MARK_R BOOKCASE 73 1/4X33 7/8""",,,,,1,Step 25,24,101350,,,,,,,,,,,,,,,,,,,,,,,,,,,,,,,,,,,,,,,,,,,,,,,,
"MARK_R BOOKCASE 73 1/4X33 7/8""",,,,,,,1,side panel,,,,,,,,,,,,,,,,,,,,,,,,,,,,,,,,,,,,,,,,,,,,,,,,
"MARK_R BOOKCASE 73 1/4X33 7/8""",,,,,,,1,Step 24,12,112996,,,,,,,,,,,,,,,,,,,,,,,,,,,,,,,,,,,,,,,,,,,,,,
"MARK_R BOOKCASE 73 1/4X33 7/8""",,,,,,,,,1,Step 23,20,109536,,,,,,,,,,,,,,,,,,,,,,,,,,,,,,,,,,,,,,,,,,,,
"MARK_R BOOKCASE 73 1/4X33 7/8""",,,,,,,,,,,1,Step 22,2,shelf support frame,,,,,,,,,,,,,,,,,,,,,,,,,,,,,,,,,,,,,,,,,,
"MARK_R BOOKCASE 73 1/4X33 7/8""",,,,,,,,,,,,,20,101350,,,,,,,,,,,,,,,,,,,,,,,,,,,,,,,,,,,,,,,,,,
"MARK_R BOOKCASE 73 1/4X33 7/8""",,,,,,,,,,,,,1,Step 21,2,102956,,,,,,,,,,,,,,,,,,,,,,,,,,,,,,,,,,,,,,,,
"MARK_R BOOKCASE 73 1/4X33 7/8""",,,,,,,,,,,,,,,1,Step 20,2,101354,,,,,,,,,,,,,,,,,,,,,,,,,,,,,,,,,,,,,,
"MARK_R BOOKCASE 73 1/4X33 7/8""",,,,,,,,,,,,,,,,,1,Step 19,2,102956,,,,,,,,,,,,,,,,,,,,,,,,,,,,,,,,,,,,
"MARK_R BOOKCASE 73 1/4X33 7/8""",,,,,,,,,,,,,,,,,,,1,Step 18,1,middle upright,,,,,,,,,,,,,,,,,,,,,,,,,,,,,,,,,,
"MARK_R BOOKCASE 73 1/4X33 7/8""",,,,,,,,,,,,,,,,,,,,,1,Step 17,2,102956,,,,,,,,,,,,,,,,,,,,,,,,,,,,,,,,
"MARK_R BOOKCASE 73 1/4X33 7/8""",,,,,,,,,,,,,,,,,,,,,,,2,110115,,,,,,,,,,,,,,,,,,,,,,,,,,,,,,,,
"MARK_R BOOKCASE 73 1/4X33 7/8""",,,,,,,,,,,,,,,,,,,,,,,1,Step 16,1,shelf,,,,,,,,,,,,,,,,,,,,,,,,,,,,,,
"MARK_R BOOKCASE 73 1/4X33 7/8""",,,,,,,,,,,,,,,,,,,,,,,,,2,101354,,,,,,,,,,,,,,,,,,,,,,,,,,,,,,
"MARK_R BOOKCASE 73 1/4X33 7/8""",,,,,,,,,,,,,,,,,,,,,,,,,1,Step 15,2,102956,,,,,,,,,,,,,,,,,,,,,,,,,,,,
"MARK_R BOOKCASE 73 1/4X33 7/8""",,,,,,,,,,,,,,,,,,,,,,,,,,,1,Step 14,1,middle upright,,,,,,,,,,,,,,,,,,,,,,,,,,
"MARK_R BOOKCASE 73 1/4X33 7/8""",,,,,,,,,,,,,,,,,,,,,,,,,,,,,1,Step 13,2,102956,,,,,,,,,,,,,,,,,,,,,,,,
"MARK_R BOOKCASE 73 1/4X33 7/8""",,,,,,,,,,,,,,,,,,,,,,,,,,,,,,,2,110115,,,,,,,,,,,,,,,,,,,,,,,,
"MARK_R BOOKCASE 73 1/4X33 7/8""",,,,,,,,,,,,,,,,,,,,,,,,,,,,,,,1,Step 12,1,shelf,,,,,,,,,,,,,,,,,,,,,,
"MARK_R BOOKCASE 73 1/4X33 7/8""",,,,,,,,,,,,,,,,,,,,,,,,,,,,,,,,,2,101354,,,,,,,,,,,,,,,,,,,,,,
"MARK_R BOOKCASE 73 1/4X33 7/8""",,,,,,,,,,,,,,,,,,,,,,,,,,,,,,,,,1,Step 11,1,102956,,,,,,,,,,,,,,,,,,,,
"MARK_R BOOKCASE 73 1/4X33 7/8""",,,,,,,,,,,,,,,,,,,,,,,,,,,,,,,,,,,1,Step 10,1,middle upright,,,,,,,,,,,,,,,,,,
"MARK_R BOOKCASE 73 1/4X33 7/8""",,,,,, ,,,,,,,,,,,,,,,,,,,,,,,,,,,,,,,1,Step 9,2,102956,,,,,,,,,,,,,,,,
"MARK_R BOOKCASE 73 1/4X33 7/8""",,,,,,,,,,,,,,,,,,,,,,,,,,,,,,,,,,,,,,,2,110115,,,,,,,,,,,,,,,,
"MARK_R BOOKCASE 73 1/4X33 7/8""",,,,,,,,,,,,,,,,,,,,,,,,,,,,,,,,,,,,,,,1,Step 8,1,shelf,,,,,,,,,,,,,,
"MARK_R BOOKCASE 73 1/4X33 7/8""",,,,,,,,,,,,,,,,,,,,,,,,,,,,,,,,,,,,,,,,,2,101354,,,,,,,,,,,,,,
"MARK_R BOOKCASE 73 1/4X33 7/8""",,,,,,,,,,,,,,,,,,,,,,,,,,,,,,,,,,,,,,,,,1,Step 7,1,102956,,,,,,,,,,,,
"MARK_R BOOKCASE 73 1/4X33 7/8""",,,,,,,,,,,,,,,,,,,,,,,,,,,,,,,,,,,,,,,,,,,1,Step 6,1,middle upright,,,,,,,,,,
"MARK_R BOOKCASE 73 1/4X33 7/8""",,,,,,,,,,,,,,,,,,,,,,,,,,,,,,,,,,,,,,,,,,,,,1,Step 5,2,102956,,,,,,,,
"MARK_R BOOKCASE 73 1/4X33 7/8""",,,,,,,,,,,,,,,,,,,,,,,,,,,,,,,,,,,,,,,,,,,,,,,1,110115,,,,,,,,
"MARK_R BOOKCASE 73 1/4X33 7/8""",,,,,,,,,,,,,,,,,,,,,,,,,,,,,,,,,,,,,,,,,,,,,,,1,Step 4,1,shelf,,,,,,
"MARK_R BOOKCASE 73 1/4X33 7/8""",,,,,,,,,,,,,,,,,,,,,,,,,,,,,,,,,,,,,,,,,,,,,,,,,2,101354,,,,,,
"MARK_R BOOKCASE 73 1/4X33 7/8""",,,,,,,,,,,,,,,,,,,,,,,,,,,,,,,,,,,,,,,,,,,,,,,,,1,Step 3,2,102956,,,,
"MARK_R BOOKCASE 73 1/4X33 7/8""",,,,,,,,,,,,,,,,,,,,,,,,,,,,,,,,,,,,,,,,,,,,,,,,,,,1,Step 2,2,101350,,
"MARK_R BOOKCASE 73 1/4X33 7/8""",,,,,,,,,,,,,,,,,,,,,,,,,,,,,,,,,,,,,,,,,,,,,,,,,,,,,1,middle upright,,
"MARK_R BOOKCASE 73 1/4X33 7/8""",,,,,,,,,,,,,,,,,,,,,,,,,,,,,,,,,,,,,,,,,,,,,,,,,,,,,1,Step 1,1,top
"MARK_R BOOKCASE 73 1/4X33 7/8""",,,,,,,,,,,,,,,,,,,,,,,,,,,,,,,,,,,,,,,,,,,,,,,,,,,,,,,4,112996
"MARK_R BOOKCASE 73 1/4X33 7/8""",,,,,,,,,,,,,,,,,,,,,,,,,,,,,,,,,,,,,,,,,,,,,,,,,,,,,,,1,base
MOSJ_ TV UNIT,1,shelf,,,,,,,,,,,,,,,,,,,,,,,,,,,,,,,,,,,,,,,,,,,,,,,,,,,,,,
MOSJ_ TV UNIT,1,Step 9,4,113301,,,,,,,,,,,,,,,,,,,,,,,,,,,,,,,,,,,,,,,,,,,,,,,,,,,,
MOSJ_ TV UNIT,,,1,Step 8,4,115264,,,,,,,,,,,,,,,,,,,,,,,,,,,,,,,,,,,,,,,,,,,,,,,,,,
MOSJ_ TV UNIT,,,,,1,Step 7,1,top,,,,,,,,,,,,,,,,,,,,,,,,,,,,,,,,,,,,,,,,,,,,,,,,
MOSJ_ TV UNIT,,,,,,,4,114928,,,,,,,,,,,,,,,,,,,,,,,,,,,,,,,,,,,,,,,,,,,,,,,,
MOSJ_ TV UNIT,,,,,,,1,Step 5,1,back,,,,,,,,,,,,,,,,,,,,,,,,,,,,,,,,,,,,,,,,,,,,,,
MOSJ_ TV UNIT,,,,,,,,,1,Step 4,4,115264,,,,,,,,,,,,,,,,,,,,,,,,,,,,,,,,,,,,,,,,,,,,
MOSJ_ TV UNIT,,,,,,,,,,,1,Step 3,1,right-hand side,,,,,,,,,,,,,,,,,,,,,,,,,,,,,,,,,,,,,,,,,,
MOSJ_ TV UNIT,,,,,,,,,,,,,1,left-hand side,,,,,,,,,,,,,,,,,,,,,,,,,,,,,,,,,,,,,,,,,,
MOSJ_ TV UNIT,,,,,,,,,,,,,1,Step 2,4,114928,,,,,,,,,,,,,,,,,,,,,,,,,,,,,,,,,,,,,,,,
MOSJ_ TV UNIT,,,,,,,,,,,,,,,1,Step 1,4,114947,,,,,,,,,,,,,,,,,,,,,,,,,,,,,,,,,,,,,,
MOSJ_ TV UNIT,,,,,,,,,,,,,,,,,4,base,,,,,,,,,,,,,,,,,,,,,,,,,,,,,,,,,,,,,,
"NORREBO SHELVING UNIT 72 7/8X78 3/8""",6,100101,,,,,,,,,,,,,,,,,,,,,,,,,,,,,,,,,,,,,,,,,,,,,,,,,,,,,,
"NORREBO SHELVING UNIT 72 7/8X78 3/8""",1,Step 13,6,101348,,,,,,,,,,,,,,,,,,,,,,,,,,,,,,,,,,,,,,,,,,,,,,,,,,,,
"NORREBO SHELVING UNIT 72 7/8X78 3/8""",,,1,top,,,,,,,,,,,,,,,,,,,,,,,,,,,,,,,,,,,,,,,,,,,,,,,,,,,,
"NORREBO SHELVING UNIT 72 7/8X78 3/8""",,,1,Step 12,3,middle upright,,,,,,,,,,,,,,,,,,,,,,,,,,,,,,,,,,,,,,,,,,,,,,,,,,
"NORREBO SHELVING UNIT 72 7/8X78 3/8""",,,,,6,100106,,,,,,,,,,,,,,,,,,,,,,,,,,,,,,,,,,,,,,,,,,,,,,,,,,
"NORREBO SHELVING UNIT 72 7/8X78 3/8""",,,,,1,Step 11,6,101352,,,,,,,,,,,,,,,,,,,,,,,,,,,,,,,,,,,,,,,,,,,,,,,,
"NORREBO SHELVING UNIT 72 7/8X78 3/8""",,,,,,,1,shelf,,,,,,,,,,,,,,,,,,,,,,,,,,,,,,,,,,,,,,,,,,,,,,,,
"NORREBO SHELVING UNIT 72 7/8X78 3/8""",,,,,,,1,Step 10,3,middle upright,,,,,,,,,,,,,,,,,,,,,,,,,,,,,,,,,,,,,,,,,,,,,,
"NORREBO SHELVING UNIT 72 7/8X78 3/8""",,,,,,,,,6,100106,,,,,,,,,,,,,,,,,,,,,,,,,,,,,,,,,,,,,,,,,,,,,,
"NORREBO SHELVING UNIT 72 7/8X78 3/8""",,,,,,,,,1,Step 9,6,101352,,,,,,,,,,,,,,,,,,,,,,,,,,,,,,,,,,,,,,,,,,,,
"NORREBO SHELVING UNIT 72 7/8X78 3/8""",,,,,,,,,,,1,shelf,,,,,,,,,,,,,,,,,,,,,,,,,,,,,,,,,,,,,,,,,,,,
"NORREBO SHELVING UNIT 72 7/8X78 3/8""",,,,,,,,,,,1,Step 8,3,middle upright,,,,,,,,,,,,,,,,,,,,,,,,,,,,,,,,,,,,,,,,,,
"NORREBO SHELVING UNIT 72 7/8X78 3/8""",,,,,,,,,,,,,6,100106,,,,,,,,,,,,,,,,,,,,,,,,,,,,,,,,,,,,,,,,,,
"NORREBO SHELVING UNIT 72 7/8X78 3/8""",,,,,,,,,,,,,1,Step 7,6,101352,,,,,,,,,,,,,,,,,,,,,,,,,,,,,,,,,,,,,,,,
"NORREBO SHELVING UNIT 72 7/8X78 3/8""",,,,,,,,,,,,,,,1,shelf,,,,,,,,,,,,,,,,,,,,,,,,,,,,,,,,,,,,,,,,
"NORREBO SHELVING UNIT 72 7/8X78 3/8""",,,,,,,,,,,,,,,1,Step 6,3,middle upright,,,,,,,,,,,,,,,,,,,,,,,,,,,,,,,,,,,,,,
"NORREBO SHELVING UNIT 72 7/8X78 3/8""",,,,,,,,,,,,,,,,,6,100106,,,,,,,,,,,,,,,,,,,,,,,,,,,,,,,,,,,,,,
"NORREBO SHELVING UNIT 72 7/8X78 3/8""",,,,,,,,,,,,,,,,,1,Step 5,6,101352,,,,,,,,,,,,,,,,,,,,,,,,,,,,,,,,,,,,
"NORREBO SHELVING UNIT 72 7/8X78 3/8""",,,,,,,,,,,,,,,,,,,1,shelf,,,,,,,,,,,,,,,,,,,,,,,,,,,,,,,,,,,,
"NORREBO SHELVING UNIT 72 7/8X78 3/8""",,,,,,,,,,,,,,,,,,,1,Step 4,6,110279,,,,,,,,,,,,,,,,,,,,,,,,,,,,,,,,,,
"NORREBO SHELVING UNIT 72 7/8X78 3/8""",,,,,,,,,,,,,,,,,,,,,1,Step 3,3,cross piece,,,,,,,,,,,,,,,,,,,,,,,,,,,,,,,,
"NORREBO SHELVING UNIT 72 7/8X78 3/8""",,,,,,,,,,,,,,,,,,,,,,,6,100106,,,,,,,,,,,,,,,,,,,,,,,,,,,,,,,,
"NORREBO SHELVING UNIT 72 7/8X78 3/8""",,,,,,,,,,,,,,,,,,,,,,,1,Step 2,1,base,,,,,,,,,,,,,,,,,,,,,,,,,,,,,,
"NORREBO SHELVING UNIT 72 7/8X78 3/8""",,,,,,,,,,,,,,,,,,,,,,,,,1,Step 1,3,middle upright,,,,,,,,,,,,,,,,,,,,,,,,,,,,
"NORREBO SHELVING UNIT 72 7/8X78 3/8""",,,,,,,,,,,,,,,,,,,,,,,,,,,6,101352,,,,,,,,,,,,,,,,,,,,,,,,,,,,
ODDA HEADBOARD (SHELF PART ONLY),4,101532,,,,,,,,,,,,,,,,,,,,,,,,,,,,,,,,,,,,,,,,,,,,,,,,,,,,,,
ODDA HEADBOARD (SHELF PART ONLY),1,shelf,,,,,,,,,,,,,,,,,,,,,,,,,,,,,,,,,,,,,,,,,,,,,,,,,,,,,,
ODDA HEADBOARD (SHELF PART ONLY),1,Step 23,4,109560,,,,,,,,,,,,,,,,,,,,,,,,,,,,,,,,,,,,,,,,,,,,,,,,,,,,
ODDA HEADBOARD (SHELF PART ONLY),,,4,111402,,,,,,,,,,,,,,,,,,,,,,,,,,,,,,,,,,,,,,,,,,,,,,,,,,,,
ODDA HEADBOARD (SHELF PART ONLY),,,1,Step 22,4,110630,,,,,,,,,,,,,,,,,,,,,,,,,,,,,,,,,,,,,,,,,,,,,,,,,,
ODDA HEADBOARD (SHELF PART ONLY),,,,,1,Step 21,1,left-hand side,,,,,,,,,,,,,,,,,,,,,,,,,,,,,,,,,,,,,,,,,,,,,,,,
ODDA HEADBOARD (SHELF PART ONLY),,,,,,,4,110630,,,,,,,,,,,,,,,,,,,,,,,,,,,,,,,,,,,,,,,,,,,,,,,,
ODDA HEADBOARD (SHELF PART ONLY),,,,,,,1,Step 20,8,112996,,,,,,,,,,,,,,,,,,,,,,,,,,,,,,,,,,,,,,,,,,,,,,
ODDA HEADBOARD (SHELF PART ONLY),,,,,,,,,1,Step 19,1,back,,,,,,,,,,,,,,,,,,,,,,,,,,,,,,,,,,,,,,,,,,,,
ODDA HEADBOARD (SHELF PART ONLY),,,,,,,,,,,1,right-hand side,,,,,,,,,,,,,,,,,,,,,,,,,,,,,,,,,,,,,,,,,,,,
ODDA HEADBOARD (SHELF PART ONLY),,,,,,,,,,,1,top,,,,,,,,,,,,,,,,,,,,,,,,,,,,,,,,,,,,,,,,,,,,
ODDA HEADBOARD (SHELF PART ONLY),,,,,,,,,,,4,100229,,,,,,,,,,,,,,,,,,,,,,,,,,,,,,,,,,,,,,,,,,,,
PERFEKT LILJE WINE SHLF ,24,101206,,,,,,,,,,,,,,,,,,,,,,,,,,,,,,,,,,,,,,,,,,,,,,,,,,,,,,
PERFEKT LILJE WINE SHLF ,1,Step 9,1,101206,,,,,,,,,,,,,,,,,,,,,,,,,,,,,,,,,,,,,,,,,,,,,,,,,,,,
PERFEKT LILJE WINE SHLF ,,,1,Step 8,1,101206,,,,,,,,,,,,,,,,,,,,,,,,,,,,,,,,,,,,,,,,,,,,,,,,,,
PERFEKT LILJE WINE SHLF ,,,,,1,Step 7,1,101206,,,,,,,,,,,,,,,,,,,,,,,,,,,,,,,,,,,,,,,,,,,,,,,,
PERFEKT LILJE WINE SHLF ,,,,,,,1,back,,,,,,,,,,,,,,,,,,,,,,,,,,,,,,,,,,,,,,,,,,,,,,,,
PERFEKT LILJE WINE SHLF ,,,,,,,1,Step 6,8,103435,,,,,,,,,,,,,,,,,,,,,,,,,,,,,,,,,,,,,,,,,,,,,,
PERFEKT LILJE WINE SHLF ,,,,,,,,,1,Step 5,20,101350,,,,,,,,,,,,,,,,,,,,,,,,,,,,,,,,,,,,,,,,,,,,
PERFEKT LILJE WINE SHLF ,,,,,,,,,,,4,shelf,,,,,,,,,,,,,,,,,,,,,,,,,,,,,,,,,,,,,,,,,,,,
PERFEKT LILJE WINE SHLF ,,,,,,,,,,,1,Step 4,10,101350,,,,,,,,,,,,,,,,,,,,,,,,,,,,,,,,,,,,,,,,,,
PERFEKT LILJE WINE SHLF ,,,,,,,,,,,,,5,shelf facia,,,,,,,,,,,,,,,,,,,,,,,,,,,,,,,,,,,,,,,,,,
PERFEKT LILJE WINE SHLF ,,,,,,,,,,,,,1,Step 3,8,101350,,,,,,,,,,,,,,,,,,,,,,,,,,,,,,,,,,,,,,,,
PERFEKT LILJE WINE SHLF ,,,,,,,,,,,,,,,1,top,,,,,,,,,,,,,,,,,,,,,,,,,,,,,,,,,,,,,,,,
PERFEKT LILJE WINE SHLF ,,,,,,,,,,,,,,,1,base,,,,,,,,,,,,,,,,,,,,,,,,,,,,,,,,,,,,,,,,
PERFEKT LILJE WINE SHLF ,,,,,,,,,,,,,,,1,Step 2,8,103434,,,,,,,,,,,,,,,,,,,,,,,,,,,,,,,,,,,,,,
PERFEKT LILJE WINE SHLF ,,,,,,,,,,,,,,,,,1,Step 1,4,100347,,,,,,,,,,,,,,,,,,,,,,,,,,,,,,,,,,,,
PERFEKT LILJE WINE SHLF ,,,,,,,,,,,,,,,,,,,2,103691,,,,,,,,,,,,,,,,,,,,,,,,,,,,,,,,,,,,
PERFEKT LILJE WINE SHLF ,,,,,,,,,,,,,,,,,,,1,right-hand side,,,,,,,,,,,,,,,,,,,,,,,,,,,,,,,,,,,,
PERFEKT LILJE WINE SHLF ,,,,,,,,,,,,,,,,,,,1,left-hand side,,,,,,,,,,,,,,,,,,,,,,,,,,,,,,,,,,,,
"PAX WARDROBE FRAME 30X23X79""",40,101206,,,,,,,,,,,,,,,,,,,,,,,,,,,,,,,,,,,,,,,,,,,,,,,,,,,,,,
"PAX WARDROBE FRAME 30X23X79""",1,back,,,,,,,,,,,,,,,,,,,,,,,,,,,,,,,,,,,,,,,,,,,,,,,,,,,,,,
"PAX WARDROBE FRAME 30X23X79""",1,Step 12,9,113434,,,,,,,,,,,,,,,,,,,,,,,,,,,,,,,,,,,,,,,,,,,,,,,,,,,,
"PAX WARDROBE FRAME 30X23X79""",,,1,Step 11,1,top,,,,,,,,,,,,,,,,,,,,,,,,,,,,,,,,,,,,,,,,,,,,,,,,,,
"PAX WARDROBE FRAME 30X23X79""",,,,,4,101375,,,,,,,,,,,,,,,,,,,,,,,,,,,,,,,,,,,,,,,,,,,,,,,,,,
"PAX WARDROBE FRAME 30X23X79""",,,,,1,Step 9,2,110617,,,,,,,,,,,,,,,,,,,,,,,,,,,,,,,,,,,,,,,,,,,,,,,,
"PAX WARDROBE FRAME 30X23X79""",,,,,,,1,Step 8,8,101375,,,,,,,,,,,,,,,,,,,,,,,,,,,,,,,,,,,,,,,,,,,,,,
"PAX WARDROBE FRAME 30X23X79""",,,,,,,,,2,plinth ,,,,,,,,,,,,,,,,,,,,,,,,,,,,,,,,,,,,,,,,,,,,,,
"PAX WARDROBE FRAME 30X23X79""",,,,,,,,,1,Step 7,3,113434,,,,,,,,,,,,,,,,,,,,,,,,,,,,,,,,,,,,,,,,,,,,
"PAX WARDROBE FRAME 30X23X79""",,,,,,,,,,,1,Step 6,4,101375,,,,,,,,,,,,,,,,,,,,,,,,,,,,,,,,,,,,,,,,,,
"PAX WARDROBE FRAME 30X23X79""",,,,,,,,,,,,,1,Step 4,2,110618,,,,,,,,,,,,,,,,,,,,,,,,,,,,,,,,,,,,,,,,
"PAX WARDROBE FRAME 30X23X79""",,,,,,,,,,,,,,,1,Step 3,1,base,,,,,,,,,,,,,,,,,,,,,,,,,,,,,,,,,,,,,,
"PAX WARDROBE FRAME 30X23X79""",,,,,,,,,,,,,,,,,2,100751,,,,,,,,,,,,,,,,,,,,,,,,,,,,,,,,,,,,,,
"PAX WARDROBE FRAME 30X23X79""",,,,,,,,,,,,,,,,,1,Step 211,4,105248,,,,,,,,,,,,,,,,,,,,,,,,,,,,,,,,,,,,
"PAX WARDROBE FRAME 30X23X79""",,,,,,,,,,,,,,,,,,,2,102591,,,,,,,,,,,,,,,,,,,,,,,,,,,,,,,,,,,,
"PAX WARDROBE FRAME 30X23X79""",,,,,,,,,,,,,,,,,,,1,Step 111,12,112996,,,,,,,,,,,,,,,,,,,,,,,,,,,,,,,,,,
"PAX WARDROBE FRAME 30X23X79""",,,,,,,,,,,,,,,,,,,,,1,right-hand side,,,,,,,,,,,,,,,,,,,,,,,,,,,,,,,,,,
"PAX WARDROBE FRAME 30X23X79""",,,,,,,,,,,,,,,,,,,,,1,left-hand side,,,,,,,,,,,,,,,,,,,,,,,,,,,,,,,,,,
R_NNSK_R CORNER SHELF UNIT ,4,shelf,,,,,,,,,,,,,,,,,,,,,,,,,,,,,,,,,,,,,,,,,,,,,,,,,,,,,,
R_NNSK_R CORNER SHELF UNIT ,1,Step 7,2,shelf,,,,,,,,,,,,,,,,,,,,,,,,,,,,,,,,,,,,,,,,,,,,,,,,,,,,
R_NNSK_R CORNER SHELF UNIT ,,,1,Step 4,3,111029,,,,,,,,,,,,,,,,,,,,,,,,,,,,,,,,,,,,,,,,,,,,,,,,,,
R_NNSK_R CORNER SHELF UNIT ,,,,,1,Step 3,6,112666,,,,,,,,,,,,,,,,,,,,,,,,,,,,,,,,,,,,,,,,,,,,,,,,
R_NNSK_R CORNER SHELF UNIT ,,,,,,,6,100042,,,,,,,,,,,,,,,,,,,,,,,,,,,,,,,,,,,,,,,,,,,,,,,,
R_NNSK_R CORNER SHELF UNIT ,,,,,,,1,Step 2,6,112666,,,,,,,,,,,,,,,,,,,,,,,,,,,,,,,,,,,,,,,,,,,,,,
R_NNSK_R CORNER SHELF UNIT ,,,,,,,,,6,100042,,,,,,,,,,,,,,,,,,,,,,,,,,,,,,,,,,,,,,,,,,,,,,
R_NNSK_R CORNER SHELF UNIT ,,,,,,,,,1,Step 1,2,shelf support,,,,,,,,,,,,,,,,,,,,,,,,,,,,,,,,,,,,,,,,,,,,
R_NNSK_R CORNER SHELF UNIT ,,,,,,,,,,,6,shelf facia,,,,,,,,,,,,,,,,,,,,,,,,,,,,,,,,,,,,,,,,,,,,
R_NNSK_R CORNER SHELF UNIT ,,,,,,,,,,,6,112666,,,,,,,,,,,,,,,,,,,,,,,,,,,,,,,,,,,,,,,,,,,,
R_NNSK_R CORNER SHELF UNIT ,,,,,,,,,,,6,100042,,,,,,,,,,,,,,,,,,,,,,,,,,,,,,,,,,,,,,,,,,,,
"SONGA CORNER WALL SHELF UNIT 8X32""",3,shelf,,,,,,,,,,,,,,,,,,,,,,,,,,,,,,,,,,,,,,,,,,,,,,,,,,,,,,
"SONGA CORNER WALL SHELF UNIT 8X32""",1,Step 2,1,shelf support,,,,,,,,,,,,,,,,,,,,,,,,,,,,,,,,,,,,,,,,,,,,,,,,,,,,
"SONGA CORNER WALL SHELF UNIT 8X32""",,,1,Step 1,1,shelf,,,,,,,,,,,,,,,,,,,,,,,,,,,,,,,,,,,,,,,,,,,,,,,,,,
"SONGA CORNER WALL SHELF UNIT 8X32""",,,,,1,shelf support,,,,,,,,,,,,,,,,,,,,,,,,,,,,,,,,,,,,,,,,,,,,,,,,,,